{"cameraMode":{"drawMode":0,"name":"Shaded","section":"Shading Mode"},"sceneLighting":true,"audioPlay":false,"sceneViewState":{"showFog":true,"showMaterialUpdate":false,"showSkybox":true,"showFlares":true,"showImageEffects":true,"showParticleSystems":true},"in2DMode":false,"pivot":{"x":1.663686990737915,"y":-0.34337759017944338,"z":0.058582305908203128},"rotation":{"x":0.19163499772548676,"y":-0.15504655241966248,"z":0.03071623481810093,"w":0.9687204957008362},"size":12.276442527770996,"orthographic":false}