{"cameraMode":{"drawMode":0,"name":"Shaded","section":"Shading Mode"},"sceneLighting":true,"audioPlay":false,"sceneViewState":{"showFog":true,"showMaterialUpdate":false,"showSkybox":true,"showFlares":true,"showImageEffects":true,"showParticleSystems":true},"in2DMode":false,"pivot":{"x":3.321030855178833,"y":1.633738398551941,"z":0.006712786853313446},"rotation":{"x":-0.07213754951953888,"y":0.9259659051895142,"z":-0.29131823778152468,"w":-0.22924605011940003},"size":3.6262519359588625,"orthographic":false}