{"cameraMode":{"drawMode":0,"name":"Shaded","section":"Shading Mode"},"sceneLighting":true,"audioPlay":false,"sceneViewState":{"showFog":true,"showMaterialUpdate":false,"showSkybox":true,"showFlares":true,"showImageEffects":true,"showParticleSystems":true},"in2DMode":false,"pivot":{"x":-1.7642765045166016,"y":-2.63045597076416,"z":2.4419007301330568},"rotation":{"x":-0.1973317563533783,"y":0.6607011556625366,"z":-0.18627950549125672,"w":-0.6998980641365051},"size":17.462173461914064,"orthographic":false}