{"cameraMode":{"drawMode":0,"name":"Shaded","section":"Shading Mode"},"sceneLighting":true,"audioPlay":false,"sceneViewState":{"showFog":true,"showMaterialUpdate":false,"showSkybox":true,"showFlares":true,"showImageEffects":true,"showParticleSystems":true},"in2DMode":false,"pivot":{"x":-2.384005069732666,"y":-1.5066232681274415,"z":-0.8027013540267944},"rotation":{"x":-0.1738716959953308,"y":0.743699312210083,"z":-0.21209166944026948,"w":-0.609686017036438},"size":23.253040313720704,"orthographic":false}